TICKER,DATE,Price_Open,Price_Close,Price_High,Price_Low,Volume,Return_1d,MA_5d,MA_10d,Volatility_10d
AAPL,2022-01-18 05:00:00+00:00,171.51,169.8,172.54,169.405,102183802.0,-0.01889408909689716,173.134,173.66500000000002,0.013803214083793543
AAPL,2022-01-19 05:00:00+00:00,170.0,166.23,171.08,165.94,101688620.0,-0.02102473498233226,171.364,172.31799999999998,0.014433307864067147
AAPL,2022-01-20 05:00:00+00:00,166.98,164.51,169.68,164.18,96630645.0,-0.01034710942669792,169.16,171.277,0.012897888945885203
AAPL,2022-01-21 05:00:00+00:00,164.415,162.41,166.33,162.3,135494794.0,-0.012765181447936258,167.204,170.318,0.012593672859897006
AAPL,2022-01-24 05:00:00+00:00,160.02,161.62,162.3,154.7,175317276.0,-0.004864232497998833,164.91400000000002,169.263,0.01238521173494865
AAPL,2022-01-25 05:00:00+00:00,158.98,159.78,162.76,157.02,125389277.0,-0.011384729612671673,162.91,168.022,0.012263376494328479
AAPL,2022-01-26 05:00:00+00:00,163.5,159.69,164.3894,157.82,116338085.0,-0.0005632745024408692,161.602,166.483,0.009344338243880793
AAPL,2022-01-27 05:00:00+00:00,162.45,159.22,163.84,158.28,127009128.0,-0.0029432024547560998,160.544,164.852,0.008719781556412981
AAPL,2022-01-28 05:00:00+00:00,165.71,170.33,170.35,162.8,189144340.0,0.0697776661223466,162.128,164.666,0.026077010272938506
AAPL,2022-01-31 05:00:00+00:00,170.16,174.78,175.0,169.51,129780591.0,0.026125755885633595,164.76,164.83700000000002,0.02741768234647352
AAPL,2022-02-01 05:00:00+00:00,174.01,174.61,174.84,172.31,93258667.0,-0.000972651333104424,167.72600000000003,165.318,0.02652125096613195
AAPL,2022-02-02 05:00:00+00:00,174.745,175.84,175.88,173.33,91306986.0,0.007044270087623872,170.956,166.27900000000002,0.025132854235957985
AAPL,2022-02-03 05:00:00+00:00,174.48,172.9,176.2399,172.12,101382628.0,-0.01671974522292996,173.692,167.118,0.025666024428102948
AAPL,2022-02-04 05:00:00+00:00,171.68,172.39,174.1,170.68,88456689.0,-0.0029496818970504712,174.10399999999998,168.116,0.025080528561781692
AAPL,2022-02-07 05:00:00+00:00,172.86,171.66,173.9458,170.95,83181695.0,-0.004234584372643346,173.48000000000002,169.11999999999998,0.025050284091871156
AAPL,2022-02-08 05:00:00+00:00,171.73,174.83,175.35,171.43,80979959.0,0.01846673657229414,173.52399999999997,170.625,0.024478439078567907
AAPL,2022-02-09 05:00:00+00:00,176.05,176.28,176.65,174.9,78287149.0,0.008293771091917757,173.61200000000002,172.28400000000002,0.024240860772971256
AAPL,2022-02-10 05:00:00+00:00,174.14,172.12,175.48,171.55,99694816.0,-0.02359882005899705,173.45600000000002,173.574,0.026278558407578815
AAPL,2022-02-11 05:00:00+00:00,172.33,168.64,173.08,168.04,106268657.0,-0.020218452242621532,172.70600000000002,173.405,0.016354144965433956
AAPL,2022-02-14 05:00:00+00:00,167.37,168.88,169.58,166.56,98885501.0,0.0014231499051233776,172.15,172.815,0.013425825478354384
AAPL,2022-02-15 05:00:00+00:00,170.97,172.79,172.95,170.25,71066887.0,0.023152534343912734,171.74200000000002,172.63299999999998,0.01584873347316431
AAPL,2022-02-16 05:00:00+00:00,171.85,172.55,173.34,170.05,66147855.0,-0.0013889692690548516,170.996,172.304,0.015599437451019963
AAPL,2022-02-17 05:00:00+00:00,171.03,168.88,171.91,168.47,78321659.0,-0.02126919733410615,170.348,171.902,0.016140593113693102
AAPL,2022-02-18 05:00:00+00:00,169.82,167.3,170.5413,166.19,92631965.0,-0.009355755566082369,170.07999999999998,171.39299999999997,0.016298579561110905
AAPL,2022-02-22 05:00:00+00:00,164.98,164.32,166.69,162.15,98811382.0,-0.01781231320980281,169.16799999999998,170.65900000000002,0.016976088013692704
AAPL,2022-02-23 05:00:00+00:00,165.54,160.24,166.15,159.75,98884474.0,-0.024829600778967786,166.658,169.2,0.016039427627181246
AAPL,2022-02-24 05:00:00+00:00,152.58,162.51,162.85,152.0,155570846.0,0.014166250624063847,164.65,167.823,0.01681387556574976
AAPL,2022-02-25 05:00:00+00:00,163.84,164.85,165.12,160.8738,97758401.0,0.014399113900683158,163.844,167.096,0.017179857559834838
AAPL,2022-02-28 05:00:00+00:00,163.06,165.12,165.42,162.43,108908921.0,0.0016378525932667642,163.408,166.744,0.01627841576144734
AAPL,2022-03-01 05:00:00+00:00,164.695,163.2,166.6,161.97,90604732.0,-0.011627906976744318,163.18400000000003,166.176,0.016496289927798977
AAPL,2022-03-02 05:00:00+00:00,164.39,166.56,167.36,162.95,88692844.0,0.020588235294117796,164.448,165.553,0.016053517482002292
AAPL,2022-03-03 05:00:00+00:00,168.47,166.23,168.91,165.55,82418843.0,-0.001981268011527426,165.192,164.921,0.016045752326793433
AAPL,2022-03-04 05:00:00+00:00,164.49,163.17,165.55,162.1,91169381.0,-0.01840822956145105,164.856,164.35,0.015718031138350186
AAPL,2022-03-07 05:00:00+00:00,163.36,159.3,165.02,159.04,107385155.0,-0.023717595146166448,163.692,163.54999999999998,0.016939257410212093
AAPL,2022-03-08 05:00:00+00:00,158.82,157.44,162.88,155.8,140524583.0,-0.01167608286252364,162.54,162.862,0.016519793251449394
AAPL,2022-03-09 05:00:00+00:00,161.475,162.95,163.41,159.41,100505467.0,0.03499745934959342,161.818,163.13299999999998,0.01886347034622466
AAPL,2022-03-10 05:00:00+00:00,160.2,158.52,160.39,155.98,114471979.0,-0.027186253451979003,160.276,162.73399999999998,0.0203357245413893
AAPL,2022-03-11 05:00:00+00:00,158.93,154.73,159.28,154.5,105127762.0,-0.023908655059298622,158.58800000000002,161.722,0.020448836738359847
AAPL,2022-03-14 04:00:00+00:00,151.45,150.62,154.12,150.1,118311989.0,-0.026562399017643568,156.852,160.272,0.021189911933772846
AAPL,2022-03-15 04:00:00+00:00,150.9,155.09,155.57,150.38,104410428.0,0.0296773336874252,156.382,159.461,0.02439320439855556
AAPL,2022-03-16 04:00:00+00:00,157.05,159.59,160.0,154.46,112719986.0,0.02901541040686051,155.70999999999998,158.76399999999998,0.025489371723141654
AAPL,2022-03-17 04:00:00+00:00,158.61,160.62,161.0,157.63,85152570.0,0.006454038473588497,156.13,158.203,0.02570137814305613
AAPL,2022-03-18 04:00:00+00:00,160.51,163.98,164.48,159.76,159428842.0,0.020918939110945,157.98,158.28400000000002,0.026109661623599397
AAPL,2022-03-21 04:00:00+00:00,163.51,165.38,166.35,163.015,105787821.0,0.00853762653982204,160.932,158.892,0.024698334755730366
AAPL,2022-03-22 04:00:00+00:00,165.51,168.82,169.42,164.91,89161727.0,0.020800580481315833,163.67799999999997,160.03,0.024538811114531812
AAPL,2022-03-23 04:00:00+00:00,167.99,170.21,172.64,167.65,106073373.0,0.008233621608814135,165.802,160.756,0.022558815656886534
AAPL,2022-03-24 04:00:00+00:00,171.06,174.07,174.14,170.21,97014668.0,0.022677868515363242,168.49200000000002,162.31099999999998,0.020133164639048996
AAPL,2022-03-25 04:00:00+00:00,173.88,174.72,175.28,172.75,85692924.0,0.0037341299477222645,170.64000000000001,164.31,0.016613667115115274
AAPL,2022-03-28 04:00:00+00:00,172.17,175.6,175.73,172.0,97532618.0,0.005036630036630019,172.684,166.80800000000002,0.010130632015823702
AAPL,2022-03-29 04:00:00+00:00,176.69,178.96,179.01,176.34,109295753.0,0.01913439635535319,174.712,169.195,0.008974938901309449
AAPL,2022-03-30 04:00:00+00:00,178.55,177.77,179.61,176.7,100735340.0,-0.006649530621367861,176.224,171.013,0.009609569337953695
AAPL,2022-03-31 04:00:00+00:00,177.84,174.61,178.03,174.4,120024146.0,-0.01777577769027394,176.332,172.41199999999998,0.013225942131151644
AAPL,2022-04-01 04:00:00+00:00,174.03,174.31,174.88,171.94,85355694.0,-0.001718114655518077,176.25000000000003,173.445,0.012787470644812294
AAPL,2022-04-04 04:00:00+00:00,174.57,178.44,178.49,174.44,82875862.0,0.023693419769376334,176.818,174.751,0.013941247482284003
AAPL,2022-04-05 04:00:00+00:00,177.5,175.06,178.3,174.415,79568643.0,-0.0189419412687738,176.038,175.375,0.015386775104543116
AAPL,2022-04-06 04:00:00+00:00,172.36,171.83,173.63,170.13,90320928.0,-0.01845081686278982,174.85,175.537,0.016772799597582044
AAPL,2022-04-07 04:00:00+00:00,171.16,172.14,173.36,169.85,78193123.0,0.0018041087120990174,174.356,175.344,0.014989540413569504
AAPL,2022-04-08 04:00:00+00:00,171.78,170.09,171.78,169.2,82763655.0,-0.011908911351225626,173.512,174.88100000000003,0.015252981949378689
AAPL,2022-04-11 04:00:00+00:00,168.71,165.75,169.03,165.5,73137070.0,-0.02551590334528786,170.974,173.89600000000002,0.01656207639952162
AAPL,2022-04-12 04:00:00+00:00,168.02,167.66,169.87,166.64,83662778.0,0.011523378582201982,169.494,172.766,0.01543390002862057
AAPL,2022-04-13 04:00:00+00:00,167.39,170.4,171.04,166.77,76146104.0,0.016342598115233198,169.20800000000003,172.029,0.017022441522354152
AAPL,2022-04-14 04:00:00+00:00,170.62,165.29,171.27,165.04,84603285.0,-0.029988262910798147,167.83800000000002,171.097,0.018488012715675618
AAPL,2022-04-18 04:00:00+00:00,163.92,165.07,166.5984,163.57,74493604.0,-0.0013309940105269424,166.834,170.173,0.018496786716706563
AAPL,2022-04-19 04:00:00+00:00,165.02,167.4,167.82,163.91,75240221.0,0.014115223844429758,167.16400000000002,169.06900000000002,0.017018854385042154
AAPL,2022-04-20 04:00:00+00:00,168.76,167.23,168.88,166.1,73954306.0,-0.0010155316606930143,167.07800000000003,168.286,0.01646686561894493
AAPL,2022-04-21 04:00:00+00:00,168.91,166.42,171.53,165.91,93153701.0,-0.004843628535549871,166.28199999999998,167.74499999999998,0.01572624019819161
AAPL,2022-04-22 04:00:00+00:00,166.46,161.79,167.8699,161.5,93535037.0,-0.027821175339502457,165.582,166.70999999999998,0.01740444061633784
AAPL,2022-04-25 04:00:00+00:00,161.12,162.88,163.17,158.46,103208936.0,0.006737128376290258,165.14399999999998,165.98899999999998,0.017702590878462585
AAPL,2022-04-26 04:00:00+00:00,162.25,156.8,162.34,156.72,103931474.0,-0.037328094302553905,163.02399999999997,165.094,0.019579084095487226
AAPL,2022-04-27 04:00:00+00:00,155.91,156.57,159.79,155.38,93914037.0,-0.0014668367346939437,160.892,163.98499999999999,0.018747664069456674
AAPL,2022-04-28 04:00:00+00:00,159.25,163.64,164.515,158.93,137705209.0,0.04515552149198432,160.33599999999998,163.309,0.024120028572222833
AAPL,2022-04-29 04:00:00+00:00,161.84,157.65,166.2,157.25,145654913.0,-0.036604742116841726,159.50799999999998,162.54500000000002,0.024993804880719558
AAPL,2022-05-02 04:00:00+00:00,156.71,157.96,158.23,153.27,131337354.0,0.001966381224230984,158.524,161.834,0.02506104356041315
AAPL,2022-05-03 04:00:00+00:00,158.15,159.48,160.71,156.32,93684416.0,0.009622689288427244,159.06,161.04199999999997,0.02473618054924767
AAPL,2022-05-04 04:00:00+00:00,159.67,166.02,166.48,159.26,114719225.0,0.04100827689992492,160.95,160.921,0.028663173861546036
AAPL,2022-05-05 04:00:00+00:00,163.85,156.77,164.08,154.95,142675572.0,-0.05571617877364177,159.576,159.95600000000002,0.03363176316984737
AAPL,2022-05-06 04:00:00+00:00,156.01,157.28,159.44,154.18,123877861.0,0.00325317343879572,159.502,159.505,0.0327587892703184
AAPL,2022-05-09 04:00:00+00:00,154.925,152.06,155.83,151.49,132603947.0,-0.033189216683621514,158.322,158.423,0.03394166764950616
AAPL,2022-05-10 04:00:00+00:00,155.52,154.51,156.74,152.93,124055409.0,0.016112061028541236,157.328,158.19400000000002,0.03270321093787684
AAPL,2022-05-11 04:00:00+00:00,153.5,146.5,155.45,145.81,151719835.0,-0.05184130476991777,153.424,157.18699999999998,0.03645055028133424
AAPL,2022-05-12 04:00:00+00:00,142.77,142.56,146.2,138.8,192047663.0,-0.02689419795221837,150.58200000000002,155.079,0.03206761097459928
AAPL,2022-05-13 04:00:00+00:00,144.59,147.11,148.105,143.11,114797304.0,0.03191638608305292,148.548,154.025,0.03379193854823844
AAPL,2022-05-16 04:00:00+00:00,145.55,145.54,147.5199,144.18,91824708.0,-0.010672286044456691,147.244,152.783,0.0336814163677031
AAPL,2022-05-17 04:00:00+00:00,148.86,149.24,149.77,146.68,79304491.0,0.025422564243507084,146.19,151.75900000000001,0.03492867537787519
AAPL,2022-05-18 04:00:00+00:00,146.85,140.82,147.3601,139.9,121266806.0,-0.05641919056553213,145.054,149.239,0.033914125926844646
AAPL,2022-05-19 04:00:00+00:00,139.88,137.35,141.66,136.6,142802096.0,-0.024641386166737722,144.012,147.29699999999997,0.0311626399252435
AAPL,2022-05-20 04:00:00+00:00,139.09,137.59,140.7,132.61,147016057.0,0.00174736075718962,142.108,145.328,0.031080542183621624
AAPL,2022-05-23 04:00:00+00:00,137.79,143.11,143.26,137.65,125077087.0,0.040119194708917894,141.622,144.433,0.03423455435598842
AAPL,2022-05-24 04:00:00+00:00,140.805,140.36,141.97,137.33,109813351.0,-0.01921598770176791,139.846,143.018,0.033571179698260616
AAPL,2022-05-25 04:00:00+00:00,138.43,140.52,141.785,138.34,99358798.0,0.0011399259048161525,139.786,142.42000000000002,0.030064801428797572
AAPL,2022-05-26 04:00:00+00:00,137.39,143.78,144.34,137.14,99878236.0,0.023199544548818674,141.072,142.542,0.02995309747660711
AAPL,2022-05-27 04:00:00+00:00,145.39,149.64,149.68,145.26,100950098.0,0.04075671164278738,143.482,142.79500000000002,0.031068133679960395
AAPL,2022-05-31 04:00:00+00:00,149.07,148.84,150.66,146.84,121269886.0,-0.00534616412723854,144.628,143.125,0.03086902936700178
AAPL,2022-06-01 04:00:00+00:00,149.9,148.71,151.74,147.68,78943522.0,-0.000873421123353868,146.298,143.072,0.02981820961264773
AAPL,2022-06-02 04:00:00+00:00,147.83,151.21,151.27,146.86,78517901.0,0.01681124335955886,148.436,144.11100000000002,0.022505604556101115
AAPL,2022-06-03 04:00:00+00:00,146.9,145.38,147.97,144.46,94319460.0,-0.038555651081277786,148.756,144.91400000000002,0.024996861461098197
AAPL,2022-06-06 04:00:00+00:00,147.03,146.14,148.5689,144.9,74857319.0,0.005227679185582534,148.05599999999998,145.769,0.024955603330856557
AAPL,2022-06-07 04:00:00+00:00,144.345,148.71,149.0,144.1,73477251.0,0.0175858765567265,148.03,146.329,0.022457572013379647
AAPL,2022-06-08 04:00:00+00:00,148.58,147.96,149.8697,147.46,58484475.0,-0.005043373007867613,147.88,147.089,0.021238666423051413
AAPL,2022-06-09 04:00:00+00:00,147.08,142.64,147.95,142.53,75612751.0,-0.03595566369289016,146.166,147.301,0.024991015669003865
AAPL,2022-06-10 04:00:00+00:00,140.28,137.13,140.76,137.06,101534275.0,-0.038628715647784584,144.51600000000002,146.63600000000002,0.026693394272999094
AAPL,2022-06-13 04:00:00+00:00,132.87,131.88,135.2,131.44,135261516.0,-0.038284839203675314,141.66400000000002,144.85999999999999,0.0233256968358491
AAPL,2022-06-14 04:00:00+00:00,133.13,132.76,133.89,131.48,92179405.0,0.0066727327873823405,138.474,143.252,0.024023386917659997
AAPL,2022-06-15 04:00:00+00:00,134.29,135.43,137.34,132.16,101304819.0,0.02011147936125357,135.968,141.924,0.025862521607516106
AAPL,2022-06-16 04:00:00+00:00,132.08,130.06,132.39,129.04,120184627.0,-0.03965148046961531,133.452,139.809,0.025763131268973064
AAPL,2022-06-17 04:00:00+00:00,130.065,131.56,133.079,129.81,168771047.0,0.011533138551437894,132.33800000000002,138.427,0.025466880983257657
AAPL,2022-06-21 04:00:00+00:00,133.42,135.87,137.06,133.32,91630121.0,0.03276071754332621,133.13600000000002,137.4,0.028554445103804286
AAPL,2022-06-22 04:00:00+00:00,134.79,135.35,137.76,133.91,80880070.0,-0.0038271877529992837,133.654,136.064,0.027289938775146613
AAPL,2022-06-23 04:00:00+00:00,136.82,138.27,138.59,135.63,77932990.0,0.021573697820465476,134.22199999999998,135.09499999999997,0.028968533366607874
AAPL,2022-06-24 04:00:00+00:00,139.9,141.66,141.91,139.77,110368722.0,0.024517248860924212,136.542,134.997,0.028412731381484896
AAPL,2022-06-27 04:00:00+00:00,142.695,141.66,143.49,140.965,77728499.0,0.0,138.562,135.45,0.025053400699228838
AAPL,2022-06-28 04:00:00+00:00,142.13,137.44,143.422,137.325,76133876.0,-0.029789637159395754,138.87600000000003,136.006,0.023578185103299152
AAPL,2022-06-29 04:00:00+00:00,137.46,139.23,140.67,136.67,71179247.0,0.013023864959254894,139.652,136.653,0.023731543660936803
AAPL,2022-06-30 04:00:00+00:00,137.25,136.72,138.37,133.7737,114697715.0,-0.018027723910076787,139.342,136.78199999999998,0.024099460267409296
AAPL,2022-07-01 04:00:00+00:00,136.04,138.93,139.04,135.66,77594243.0,0.01616442363955528,138.796,137.669,0.019633722312122896
AAPL,2022-07-05 04:00:00+00:00,137.77,141.56,141.61,136.93,79904746.0,0.018930396602605537,138.776,138.669,0.019968656447386046
AAPL,2022-07-06 04:00:00+00:00,141.355,142.92,144.12,141.08,78938366.0,0.009607233681830918,139.872,139.374,0.017959714326239072
AAPL,2022-07-07 04:00:00+00:00,143.29,146.35,146.55,143.28,72731949.0,0.023999440246291748,141.296,140.474,0.018548733893927166
AAPL,2022-07-08 04:00:00+00:00,145.265,147.04,147.55,145.0,68264699.0,0.004714724974376416,143.35999999999999,141.351,0.0179338954881675
AAPL,2022-07-11 04:00:00+00:00,145.67,144.87,146.64,143.78,69704810.0,-0.014757889009793135,144.54799999999997,141.672,0.01780459939807651
AAPL,2022-07-12 04:00:00+00:00,145.76,145.86,148.45,145.05,84620032.0,0.006833712984054774,145.408,142.09199999999998,0.017833945229814345
AAPL,2022-07-13 04:00:00+00:00,142.99,145.49,146.45,142.1201,77731553.0,-0.002536679007267284,145.922,142.897,0.013903880610349126
AAPL,2022-07-14 04:00:00+00:00,144.08,148.47,148.95,143.25,83018114.0,0.020482507388823956,146.346,143.821,0.014521103680730372
AAPL,2022-07-15 04:00:00+00:00,149.78,150.17,150.86,148.2,86944893.0,0.011450124604297063,146.972,145.166,0.011696837907630753
AAPL,2022-07-18 04:00:00+00:00,150.74,147.07,151.57,146.7,87239346.0,-0.020643270959579074,147.412,145.98,0.01475443901500474
AAPL,2022-07-19 04:00:00+00:00,147.92,151.0,151.23,146.91,93332247.0,0.02672196913034619,148.44,146.924,0.015699846842601606
AAPL,2022-07-20 04:00:00+00:00,151.12,153.04,153.72,150.37,70872515.0,0.013509933774834337,149.95,147.93599999999998,0.01583121862694987
AAPL,2022-07-21 04:00:00+00:00,154.5,155.35,155.57,151.94,70606217.0,0.015094093047569368,151.326,148.83599999999998,0.014995735328925374
AAPL,2022-07-22 04:00:00+00:00,155.39,154.09,156.28,153.41,72318038.0,-0.00811071773414862,152.10999999999999,149.541,0.01565989063231028
AAPL,2022-07-25 04:00:00+00:00,154.01,152.95,155.04,152.28,57738116.0,-0.007398273736128336,153.286,150.349,0.014786989741233813
AAPL,2022-07-26 04:00:00+00:00,152.265,151.6,153.085,150.8,60764637.0,-0.008826413860738791,153.406,150.923,0.015449208661565444
AAPL,2022-07-27 04:00:00+00:00,152.58,156.79,157.33,152.16,89223566.0,0.03423482849604231,154.156,152.053,0.017907766130622883
AAPL,2022-07-28 04:00:00+00:00,156.98,157.35,157.64,154.41,86806681.0,0.0035716563556349445,154.55599999999998,152.94099999999997,0.01735128791831967
AAPL,2022-07-29 04:00:00+00:00,161.24,162.51,163.63,159.5,114785404.0,0.032793136320305116,156.24,154.17499999999998,0.019304320994934974
AAPL,2022-08-01 04:00:00+00:00,161.01,161.51,163.59,160.89,73670876.0,-0.006153467478924424,157.952,155.61899999999997,0.017352730538521405
AAPL,2022-08-02 04:00:00+00:00,160.1,160.01,162.41,159.63,63962594.0,-0.009287350628444102,159.634,156.51999999999998,0.01712665855514294
AAPL,2022-08-03 04:00:00+00:00,160.84,166.13,166.59,160.75,90300252.0,0.03824760952440465,161.502,157.829,0.019902676232948634
AAPL,2022-08-04 04:00:00+00:00,166.005,165.81,167.19,164.43,59549979.0,-0.0019262023716366539,163.194,158.875,0.019995725183070467
AAPL,2022-08-05 04:00:00+00:00,163.21,165.35,165.85,163.0,61905528.0,-0.0027742596948314713,163.762,160.00099999999998,0.019623860589303734
AAPL,2022-08-08 04:00:00+00:00,166.37,164.87,167.81,164.2,63810659.0,-0.002902933172059252,164.434,161.193,0.01929988285983725
AAPL,2022-08-09 04:00:00+00:00,164.02,164.92,165.82,163.25,70056143.0,0.0003032692424334016,165.416,162.525,0.018635885888440826
AAPL,2022-08-10 04:00:00+00:00,167.68,169.24,169.34,166.9,77906820.0,0.026194518554450763,166.03799999999998,163.77,0.017549280117551403
AAPL,2022-08-11 04:00:00+00:00,170.06,168.49,170.99,168.19,61943923.0,-0.004431576459465902,166.574,164.88400000000001,0.017941968485643462
AAPL,2022-08-12 04:00:00+00:00,169.82,172.1,172.17,169.4,75555239.0,0.021425603893405976,167.924,165.84300000000002,0.01642241298375467
AAPL,2022-08-15 04:00:00+00:00,171.52,173.19,173.39,171.345,58741635.0,0.006333527019174889,169.58800000000002,167.01100000000002,0.01587216773272988
AAPL,2022-08-16 04:00:00+00:00,172.78,173.03,173.71,171.6618,60575237.0,-0.0009238408684103527,171.21,168.31300000000002,0.015113895492991289
AAPL,2022-08-17 04:00:00+00:00,172.77,174.55,176.15,172.57,84217231.0,0.008784603825926274,172.272,169.155,0.01081194024691566
AAPL,2022-08-18 04:00:00+00:00,173.75,174.15,174.9,173.12,66756106.0,-0.0022916069894013402,173.404,169.989,0.010838564956202282
AAPL,2022-08-19 04:00:00+00:00,173.03,171.52,173.74,171.3101,79638699.0,-0.01510192362905538,173.288,170.606,0.01240530580858806
AAPL,2022-08-22 04:00:00+00:00,169.69,167.57,169.86,167.135,76355924.0,-0.023029384328358327,172.164,170.876,0.014970143568355413
AAPL,2022-08-23 04:00:00+00:00,167.08,167.23,168.71,166.65,58090092.0,-0.002029002804798008,171.004,171.107,0.01501288412660943
AAPL,2022-08-24 04:00:00+00:00,167.32,167.53,168.11,166.245,58542963.0,0.0017939364946482073,169.6,170.93599999999998,0.012287624273461537
AAPL,2022-08-25 04:00:00+00:00,168.78,170.03,170.14,168.35,56573006.0,0.014922700411866607,168.77599999999998,171.08999999999997,0.013170321881280997
AAPL,2022-08-26 04:00:00+00:00,170.57,163.62,171.05,163.56,90147274.0,-0.037699229547726865,167.196,170.24200000000002,0.01595341286791171
AAPL,2022-08-29 04:00:00+00:00,161.145,161.38,162.9,159.82,78255530.0,-0.01369025791468037,165.958,169.06099999999998,0.01563692824134558
AAPL,2022-08-30 04:00:00+00:00,162.13,158.91,162.56,157.72,82758508.0,-0.015305490147477951,164.294,167.649,0.01568480141909962
AAPL,2022-08-31 04:00:00+00:00,160.305,157.22,160.58,157.14,104165447.0,-0.010634950600969084,162.23200000000003,165.916,0.014481657716548857
AAPL,2022-09-01 04:00:00+00:00,156.64,157.96,158.42,154.67,79346064.0,0.004706780307848879,159.818,164.297,0.015069204497690293
AAPL,2022-09-02 04:00:00+00:00,159.75,155.81,160.362,154.965,83452944.0,-0.01361104076981523,158.25600000000003,162.726,0.015016077508564624
AAPL,2022-09-06 04:00:00+00:00,156.47,154.53,157.09,153.69,78705759.0,-0.008215133816828146,156.88600000000002,161.422,0.014239020187874447
AAPL,2022-09-07 04:00:00+00:00,154.825,155.96,156.67,153.61,94015457.0,0.009253866563126989,156.296,160.29500000000002,0.015178648326567215
AAPL,2022-09-08 04:00:00+00:00,154.64,154.46,156.36,152.68,91449721.0,-0.009617850730956667,155.744,158.988,0.014882842838274084
AAPL,2022-09-09 04:00:00+00:00,155.47,157.37,157.82,154.75,74228109.0,0.01883982908196291,155.62600000000003,157.722,0.015587734629550357
AAPL,2022-09-12 04:00:00+00:00,159.59,163.43,164.26,159.3,112676884.0,0.038507974836372805,157.15,157.703,0.017718856628862627
AAPL,2022-09-13 04:00:00+00:00,159.9,153.84,160.54,153.37,135428401.0,-0.058679556996879434,157.012,156.949,0.025562966936904564
AAPL,2022-09-14 04:00:00+00:00,154.785,155.31,157.1,153.6106,95004894.0,0.00955538221528851,156.882,156.589,0.025601564675883027
AAPL,2022-09-15 04:00:00+00:00,154.65,152.37,155.24,151.38,97514431.0,-0.018929882171141554,156.464,156.10399999999998,0.02604336909754731
AAPL,2022-09-16 04:00:00+00:00,151.21,150.7,151.35,148.37,218997344.0,-0.010960162761698644,155.13000000000002,155.378,0.02601155869486771
AAPL,2022-09-19 04:00:00+00:00,149.31,154.48,154.56,149.1,87533890.0,0.02508294625082952,153.34,155.245,0.027331258286161626
AAPL,2022-09-20 04:00:00+00:00,153.4,156.9,158.08,153.08,113203270.0,0.015665458311755698,153.952,155.482,0.0276255239013524
AAPL,2022-09-21 04:00:00+00:00,157.34,153.72,158.74,153.6,107498655.0,-0.020267686424474185,153.63400000000001,155.25799999999998,0.028317713160742337
AAPL,2022-09-22 04:00:00+00:00,152.38,152.74,154.47,150.91,92021722.0,-0.006375227686703067,153.708,155.08599999999998,0.028227510792435344
AAPL,2022-09-23 04:00:00+00:00,151.19,150.43,151.47,148.56,101813197.0,-0.015123739688359339,153.654,154.392,0.027644987550917016
AAPL,2022-09-26 04:00:00+00:00,149.66,150.77,153.7701,149.64,100616414.0,0.002260187462607144,152.91199999999998,153.126,0.023494746306200343
AAPL,2022-09-27 04:00:00+00:00,152.74,151.76,154.72,149.945,91032702.0,0.006566293029117043,151.884,152.918,0.015481226476701828
AAPL,2022-09-28 04:00:00+00:00,147.64,149.84,150.6414,144.84,155823686.0,-0.01265155508697935,151.108,152.371,0.015350795613790479
AAPL,2022-09-29 04:00:00+00:00,146.1,142.48,146.72,140.68,137415955.0,-0.04911906033101987,149.05599999999998,151.382,0.020747987755794405
AAPL,2022-09-30 04:00:00+00:00,141.28,138.2,143.1,138.0,141390692.0,-0.030039303761931535,146.60999999999999,150.132,0.022041402754473898
AAPL,2022-10-03 04:00:00+00:00,138.21,142.45,143.07,137.685,124534891.0,0.030752532561505008,144.946,148.929,0.023048286337557098
AAPL,2022-10-04 04:00:00+00:00,145.03,146.1,146.22,144.26,96785630.0,0.025623025623025653,143.814,147.849,0.02435439386790881
AAPL,2022-10-05 04:00:00+00:00,144.075,146.4,147.38,143.01,83933253.0,0.002053388090349051,143.126,147.11700000000002,0.024007131750511876
AAPL,2022-10-06 04:00:00+00:00,145.81,145.43,147.54,145.22,72586982.0,-0.006625683060109244,143.71599999999998,146.38600000000002,0.024009313891466363
AAPL,2022-10-07 04:00:00+00:00,142.54,140.09,143.1,139.445,95901316.0,-0.03671869627999724,144.094,145.352,0.025950677819416117
AAPL,2022-10-10 04:00:00+00:00,140.42,140.42,141.89,138.5729,80719147.0,0.0023556285245198705,143.688,144.317,0.0259543933535315
AAPL,2022-10-11 04:00:00+00:00,139.9,138.98,141.35,138.22,82627051.0,-0.010254949437402017,142.26399999999998,143.039,0.02553498598570527
AAPL,2022-10-12 04:00:00+00:00,139.13,138.34,140.36,138.16,76229576.0,-0.004604979133688181,140.652,141.88899999999998,0.025515086177647105
AAPL,2022-10-13 04:00:00+00:00,134.99,142.99,143.59,134.37,121491577.0,0.03361283793552117,140.16400000000002,141.94,0.023941945898246927
AAPL,2022-10-14 04:00:00+00:00,144.31,138.38,144.52,138.19,97254054.0,-0.03224001678439059,139.822,141.958,0.024262989896716675
AAPL,2022-10-17 04:00:00+00:00,141.065,142.41,142.9,140.27,94281241.0,0.029122705593293885,140.22,141.954,0.02404086975452205
AAPL,2022-10-18 04:00:00+00:00,145.49,143.75,146.7,140.61,103909236.0,0.009409451583456185,141.174,141.719,0.0226443880189442
AAPL,2022-10-19 04:00:00+00:00,141.69,143.86,144.9492,141.5,66281889.0,0.000765217391304418,142.278,141.465,0.0226262860323774
AAPL,2022-10-20 04:00:00+00:00,143.02,143.39,145.89,142.65,70436249.0,-0.0032670652022801505,142.358,141.261,0.02256689101183937
AAPL,2022-10-21 04:00:00+00:00,142.87,147.27,147.8479,142.649,97497286.0,0.027059069670130498,144.136,141.97899999999998,0.020306868866490607
AAPL,2022-10-24 04:00:00+00:00,147.185,149.45,150.23,146.0,82543225.0,0.014802743260677431,145.544,142.882,0.020494048662744523
AAPL,2022-10-25 04:00:00+00:00,150.09,152.34,152.49,149.36,82217447.0,0.019337571094011574,147.262,144.21800000000002,0.019944586764940174
AAPL,2022-10-26 04:00:00+00:00,150.96,149.35,151.99,148.04,96231685.0,-0.019627149796507926,148.35999999999999,145.31900000000002,0.02161260149374126
AAPL,2022-10-27 04:00:00+00:00,148.07,144.8,149.046,144.13,116248070.0,-0.030465349849347012,148.642,145.5,0.022617038299167547
AAPL,2022-10-28 04:00:00+00:00,148.2,155.74,157.5,147.82,174641131.0,0.07555248618784538,150.336,147.23600000000002,0.029419287157471073
AAPL,2022-10-31 04:00:00+00:00,153.155,153.34,154.24,151.92,110376310.0,-0.015410299216643164,151.11399999999998,148.329,0.02995037492276883
AAPL,2022-11-01 04:00:00+00:00,155.08,150.65,155.45,149.13,85451780.0,-0.017542715534107245,150.776,149.019,0.030985821370350473
AAPL,2022-11-02 04:00:00+00:00,148.945,145.03,152.17,145.0,101743648.0,-0.037305011616329264,149.912,149.136,0.03379202355507699
AAPL,2022-11-03 04:00:00+00:00,142.06,138.88,142.8,138.75,105214797.0,-0.04240501965110666,148.728,148.685,0.0365365136919781
AAPL,2022-11-04 04:00:00+00:00,142.09,138.38,142.67,134.38,149550241.0,-0.0036002304147465525,145.256,147.796,0.03502629129436449
AAPL,2022-11-07 05:00:00+00:00,137.11,138.92,139.145,135.671,89935797.0,0.0039022980199450163,142.372,146.743,0.03448391598555187
AAPL,2022-11-08 05:00:00+00:00,140.41,139.5,141.43,137.49,97268373.0,0.004175064785488125,140.142,145.459,0.033529220004394136
AAPL,2022-11-09 05:00:00+00:00,138.5,134.87,138.55,134.5933,84442456.0,-0.03318996415770603,138.10999999999999,144.011,0.03430489402542286
AAPL,2022-11-10 05:00:00+00:00,141.24,146.87,146.87,139.5,136303919.0,0.08897456810261728,139.708,144.21800000000002,0.045281002258790046
AAPL,2022-11-11 05:00:00+00:00,145.82,149.7,150.01,144.37,103060509.0,0.019268741063525496,141.972,143.61399999999998,0.038093816485796156
AAPL,2022-11-14 05:00:00+00:00,148.97,148.28,150.28,147.43,80885473.0,-0.009485637942551639,143.844,143.108,0.03793049108190866
AAPL,2022-11-15 05:00:00+00:00,152.215,150.04,153.59,148.5613,96306279.0,0.011869436201780381,145.952,143.047,0.037793557922167494
AAPL,2022-11-16 05:00:00+00:00,149.13,148.79,149.87,147.29,71463063.0,-0.008331111703545724,148.73600000000002,143.423,0.03564672170586708
AAPL,2022-11-17 05:00:00+00:00,146.43,150.72,151.48,146.15,86649104.0,0.012971301834800775,149.506,144.607,0.0318927160065471
AAPL,2022-11-18 05:00:00+00:00,152.305,151.29,152.7,149.97,84106843.0,0.003781847133757843,149.82399999999998,145.898,0.03166212047112688
AAPL,2022-11-21 05:00:00+00:00,150.16,148.01,150.37,147.715,64466896.0,-0.02168021680216803,149.76999999999998,146.807,0.03315350295100489
AAPL,2022-11-22 05:00:00+00:00,148.13,150.18,150.42,146.925,58685320.0,0.01466117154246338,149.798,147.875,0.03322576348890461
AAPL,2022-11-23 05:00:00+00:00,149.45,151.07,151.83,149.34,62774756.0,0.005926221867092796,150.254,149.495,0.029998733193974822
AAPL,2022-11-25 05:00:00+00:00,148.305,148.11,148.88,147.12,38776713.0,-0.019593565896604104,149.73200000000003,149.61899999999997,0.014716980223243014
AAPL,2022-11-28 05:00:00+00:00,145.14,144.22,146.64,143.38,78281391.0,-0.02626426304773488,148.318,149.071,0.015441652621408215
AAPL,2022-11-29 05:00:00+00:00,144.29,141.17,144.81,140.355,89801206.0,-0.021148245735681637,146.95,148.35999999999999,0.016348164984146693
AAPL,2022-11-30 05:00:00+00:00,141.395,148.03,148.72,140.55,131183862.0,0.04859389388680335,146.52,148.159,0.023195107869359962
AAPL,2022-12-01 05:00:00+00:00,148.21,148.31,149.13,146.61,78588359.0,0.0018915084780111169,145.968,148.111,0.02306632186561237
AAPL,2022-12-02 05:00:00+00:00,145.96,147.81,148.0,145.65,75015411.0,-0.003371316836356275,145.90800000000002,147.82,0.02261289642697482
AAPL,2022-12-05 05:00:00+00:00,147.77,146.63,150.9199,145.77,74981324.0,-0.007983221703538379,146.39000000000001,147.35399999999998,0.022600876889212564
AAPL,2022-12-06 05:00:00+00:00,147.075,142.91,147.3,141.92,72151911.0,-0.025369978858350906,146.738,146.844,0.02296872822632072
AAPL,2022-12-07 05:00:00+00:00,142.19,140.94,143.37,140.0,77308359.0,-0.013784899587152788,145.32,145.92000000000002,0.022252142710936704
AAPL,2022-12-08 05:00:00+00:00,142.36,142.65,143.52,141.1,68832111.0,0.012132822477650018,144.18800000000002,145.078,0.022707079766689883
AAPL,2022-12-09 05:00:00+00:00,142.34,142.16,145.57,140.9,84840144.0,-0.003434980722047065,143.058,144.483,0.022160267138058652
AAPL,2022-12-12 05:00:00+00:00,142.7,144.49,144.5,141.06,78289096.0,0.01638998311761397,142.63,144.51,0.0214658705102441
AAPL,2022-12-13 05:00:00+00:00,149.5,145.47,149.9692,144.24,102204603.0,0.006782476295937423,143.142,144.94,0.020127153095939706
AAPL,2022-12-14 05:00:00+00:00,145.35,143.21,146.655,141.16,89974435.0,-0.015535849316010153,143.596,144.458,0.013009027446581311
AAPL,2022-12-15 05:00:00+00:00,141.11,136.5,141.8,136.025,110421981.0,-0.04685426995321562,142.36599999999999,143.277,0.018745388849233102
AAPL,2022-12-16 05:00:00+00:00,136.685,134.51,137.65,133.73,220048084.0,-0.014578754578754682,140.836,141.947,0.018766086575567192
AAPL,2022-12-19 05:00:00+00:00,135.11,132.37,135.2,131.32,87427188.0,-0.015909597799420028,138.41199999999998,140.52100000000002,0.018874951850098947
AAPL,2022-12-20 05:00:00+00:00,131.39,132.3,133.25,129.89,83636668.0,-0.0005288207297725611,135.778,139.46,0.018254201963314346
AAPL,2022-12-21 05:00:00+00:00,132.98,135.45,136.81,132.75,95563192.0,0.023809523809523725,134.22600000000003,138.911,0.020550251458129387
AAPL,2022-12-22 05:00:00+00:00,134.352,132.23,134.56,130.3,86659361.0,-0.023772609819121437,133.372,137.869,0.020599090862210113
AAPL,2022-12-23 05:00:00+00:00,130.92,131.86,132.415,129.64,67631560.0,-0.002798154730393798,132.84199999999998,136.839,0.02061356400965061
AAPL,2022-12-27 05:00:00+00:00,131.38,130.03,131.41,128.72,74304546.0,-0.013878355831943079,132.37399999999997,135.393,0.01889955081822474
AAPL,2022-12-28 05:00:00+00:00,129.67,126.04,131.0275,125.87,90551969.0,-0.030685226486195427,131.122,133.45,0.018844744008022104
AAPL,2022-12-29 05:00:00+00:00,127.99,129.61,130.4814,127.73,81821550.0,0.02832434147889562,129.954,132.09,0.023091992238605488
AAPL,2022-12-30 05:00:00+00:00,128.41,129.93,129.95,127.43,85865255.0,0.0024689452974306914,129.494,131.43300000000002,0.01921302518216231
AAPL,2023-01-03 05:00:00+00:00,130.28,125.07,130.9,124.17,124289279.0,-0.03740475640729635,128.13600000000002,130.489,0.021704241073610308
AAPL,2023-01-04 05:00:00+00:00,126.89,126.36,128.6557,125.08,95426133.0,0.010314224034540631,127.402,129.88799999999998,0.02209390196183095
AAPL,2023-01-05 05:00:00+00:00,127.13,125.02,127.77,124.76,88344592.0,-0.010604621715732843,127.19800000000001,129.16,0.02212670481555346
AAPL,2023-01-06 05:00:00+00:00,126.01,129.62,130.29,124.89,96468673.0,0.03679411294192936,127.2,128.577,0.024306366839663984
AAPL,2023-01-09 05:00:00+00:00,130.465,130.15,133.41,129.89,76653608.0,0.004088875173584361,127.244,128.369,0.023383194690521147
AAPL,2023-01-10 05:00:00+00:00,130.26,130.73,131.2636,128.12,68415086.0,0.004456396465616574,128.376,128.256,0.023445315018353036
AAPL,2023-01-11 05:00:00+00:00,131.25,133.49,133.51,130.46,77043246.0,0.0211122160177466,129.802,128.602,0.023853019756149226
AAPL,2023-01-12 05:00:00+00:00,133.88,133.41,134.26,131.44,77698366.0,-0.0005992958274029236,131.48,129.339,0.020857387612024613
AAPL,2023-01-13 05:00:00+00:00,132.03,134.76,134.92,131.66,63045132.0,0.01011918147065427,132.50799999999998,129.85399999999998,0.0194276513123121
AAPL,2023-01-17 05:00:00+00:00,134.83,135.94,137.29,134.13,69852271.0,0.008756307509646843,133.666,130.45499999999998,0.019471605520813708
AAPL,2023-01-18 05:00:00+00:00,136.815,135.21,138.61,135.03,76916867.0,-0.005370016183610327,134.56199999999998,131.469,0.013490959644218042
AAPL,2023-01-19 05:00:00+00:00,134.08,135.27,136.25,133.77,64511998.0,0.0004437541601953754,134.918,132.36,0.013655326393050981
AAPL,2023-01-20 05:00:00+00:00,135.28,137.87,138.02,134.22,95933363.0,0.019220817624011177,135.81,133.64499999999998,0.012620406521502104
AAPL,2023-01-23 05:00:00+00:00,138.12,141.11,143.315,137.9,87527661.0,0.023500398926525,137.08,134.794,0.00987441489060694
AAPL,2023-01-24 05:00:00+00:00,140.305,142.53,143.16,140.3,70642466.0,0.010063071362766518,138.398,136.03199999999998,0.009752960181037202
AAPL,2023-01-25 05:00:00+00:00,140.89,141.86,142.43,138.81,70336488.0,-0.00470076475128034,139.728,137.14500000000004,0.010634754203580444
AAPL,2023-01-26 05:00:00+00:00,143.17,143.96,144.25,141.9,59721341.0,0.014803327224023555,141.466,138.19199999999998,0.009952492080726936
AAPL,2023-01-27 05:00:00+00:00,143.155,145.93,147.23,143.08,77521002.0,0.01368435676576829,143.078,139.44400000000002,0.009661959420660282
AAPL,2023-01-30 05:00:00+00:00,144.955,143.0,145.55,142.85,69935435.0,-0.020078119646405823,143.456,140.268,0.01331841271510057
AAPL,2023-01-31 05:00:00+00:00,142.7,144.29,144.34,142.28,81087730.0,0.00902097902097898,143.808,141.103,0.013324688983174094
AAPL,2023-02-01 05:00:00+00:00,143.97,145.43,146.61,141.32,84602426.0,0.00790075542310631,144.522,142.125,0.01270647328412816
AAPL,2023-02-02 05:00:00+00:00,148.9,150.82,151.18,148.17,119288199.0,0.03706250429760005,145.894,143.68,0.015461448264641572
AAPL,2023-02-03 05:00:00+00:00,148.03,154.5,157.38,147.83,166049247.0,0.024399946956637164,147.608,145.34300000000002,0.01584756347573556
AAPL,2023-02-06 05:00:00+00:00,152.575,151.73,153.1,150.78,75590203.0,-0.017928802588996873,149.35399999999998,146.405,0.017689148188655364
AAPL,2023-02-07 05:00:00+00:00,150.64,154.65,155.23,150.64,94067819.0,0.019244710999802406,151.42600000000002,147.61700000000002,0.01807549396503575
AAPL,2023-02-08 05:00:00+00:00,153.88,151.92,154.58,151.168,72643990.0,-0.017652764306498647,152.724,148.623,0.01952013546944794
AAPL,2023-02-09 05:00:00+00:00,153.775,150.87,154.33,150.42,61868739.0,-0.006911532385465935,152.73399999999998,149.31400000000002,0.019767512016545724
AAPL,2023-02-10 05:00:00+00:00,149.46,151.01,151.3401,149.22,62500180.0,0.0009279512162787551,152.036,149.822,0.01954616273509744
AAPL,2023-02-13 05:00:00+00:00,150.952,153.85,154.26,150.92,70149328.0,0.018806701542944282,152.45999999999998,150.90699999999998,0.018129079010099858
AAPL,2023-02-14 05:00:00+00:00,152.12,153.2,153.77,150.86,68556962.0,-0.00422489437764062,152.17,151.798,0.018484957266962455
AAPL,2023-02-15 05:00:00+00:00,153.11,155.33,155.5,152.88,70612239.0,0.013903394255874835,152.852,152.78799999999998,0.018644451242518678
AAPL,2023-02-16 05:00:00+00:00,153.51,153.71,156.33,153.3475,74955617.0,-0.010429408356402492,153.42,153.077,0.015918139127964574
AAPL,2023-02-17 05:00:00+00:00,152.35,152.55,153.0,150.85,66293371.0,-0.0075466788107474425,153.728,152.882,0.014018525984971655
AAPL,2023-02-21 05:00:00+00:00,150.2,148.48,151.3,148.405,68102432.0,-0.02667977712225511,152.654,152.557,0.015386538523395383
AAPL,2023-02-22 05:00:00+00:00,148.87,148.91,149.95,147.16,57571342.0,0.002896012931034475,151.796,151.983,0.013641345437016037
AAPL,2023-02-23 05:00:00+00:00,150.09,149.4,150.34,147.24,53439807.0,0.003290578201598393,150.60999999999999,151.73100000000002,0.012844065337458905
AAPL,2023-02-24 05:00:00+00:00,147.11,146.71,147.19,145.7202,62617932.0,-0.01800535475234266,149.20999999999998,151.315,0.013797817455909814
AAPL,2023-02-27 05:00:00+00:00,147.71,147.92,149.17,147.45,50247854.0,0.008247563219957676,148.284,151.006,0.014200302549146185
AAPL,2023-02-28 05:00:00+00:00,147.05,147.41,149.08,146.83,61519861.0,-0.0034478096268252267,148.07,150.36200000000002,0.012182123837002753
AAPL,2023-03-01 05:00:00+00:00,146.83,145.31,147.2285,145.01,62350999.0,-0.014245980598331154,147.35,149.573,0.01258978168808506
AAPL,2023-03-02 05:00:00+00:00,144.38,145.91,146.71,143.9,60242324.0,0.004129103296400816,146.652,148.63100000000003,0.011249830187928625
AAPL,2023-03-03 05:00:00+00:00,148.045,151.03,151.11,147.33,79744478.0,0.0350901240490713,147.516,148.363,0.017051933436876176
AAPL,2023-03-06 05:00:00+00:00,153.785,153.83,156.3,153.46,93957314.0,0.01853936304045556,148.698,148.49099999999999,0.018013941905046096
AAPL,2023-03-07 05:00:00+00:00,153.7,151.6,154.0299,151.13,61332251.0,-0.014496522134824219,149.536,148.80300000000003,0.016262094789235935
AAPL,2023-03-08 05:00:00+00:00,152.81,152.87,153.47,151.83,51205963.0,0.008377308707124165,151.048,149.199,0.016380120046400205
AAPL,2023-03-09 05:00:00+00:00,153.559,150.59,154.535,150.225,59821351.0,-0.014914633348596884,151.984,149.31799999999998,0.01729900551105183
AAPL,2023-03-10 05:00:00+00:00,150.21,148.5,150.94,147.6096,75469048.0,-0.01387874360847341,151.478,149.49699999999999,0.016840331254573314
AAPL,2023-03-13 04:00:00+00:00,147.805,150.47,153.14,147.7,90585023.0,0.013265993265993314,150.80599999999998,149.752,0.01714113784776495
AAPL,2023-03-14 04:00:00+00:00,151.28,152.59,153.4,150.1,84532172.0,0.014089187213398136,151.004,150.27,0.017434418850935395
AAPL,2023-03-15 04:00:00+00:00,151.19,152.99,153.245,149.92,85708822.0,0.0026214037617144914,151.028,151.038,0.016295226089449527
AAPL,2023-03-16 04:00:00+00:00,152.16,155.85,156.46,151.64,84454434.0,0.01869403228969202,152.07999999999998,152.03199999999998,0.016823071907248507
AAPL,2023-03-17 04:00:00+00:00,156.08,155.0,156.74,154.28,131114857.0,-0.005453962143086244,153.38,152.429,0.01385488830425676
AAPL,2023-03-20 04:00:00+00:00,155.07,157.4,157.82,154.15,85439528.0,0.015483870967742064,154.76600000000002,152.786,0.01349540670844559
AAPL,2023-03-21 04:00:00+00:00,157.32,159.28,159.4,156.54,87819428.0,0.011944091486658204,156.10399999999998,153.55400000000003,0.01236456434566507
AAPL,2023-03-22 04:00:00+00:00,159.3,157.83,162.14,157.81,80427254.0,-0.009103465595178273,157.072,154.05,0.013054096356080618
AAPL,2023-03-23 04:00:00+00:00,158.83,158.93,161.5501,157.68,75089334.0,0.006969524171577035,157.68800000000002,154.88400000000001,0.011394880619939138
AAPL,2023-03-24 04:00:00+00:00,158.86,160.25,160.34,157.85,65530530.0,0.008305543320958897,158.738,156.05900000000003,0.009149037083377906
AAPL,2023-03-27 04:00:00+00:00,159.94,158.28,160.77,157.87,58214330.0,-0.012293291731669265,158.91400000000002,156.84,0.01083116994155484
AAPL,2023-03-28 04:00:00+00:00,157.97,157.65,158.49,155.98,50372968.0,-0.003980288097043205,158.588,157.346,0.010675789139058157
AAPL,2023-03-29 04:00:00+00:00,159.37,160.77,161.05,159.35,57532705.0,0.019790675547098013,159.17600000000002,158.124,0.011865505825732267
AAPL,2023-03-30 04:00:00+00:00,161.53,162.36,162.47,161.271,53823579.0,0.009889904832991236,159.862,158.775,0.011037177472628897
AAPL,2023-03-31 04:00:00+00:00,162.44,164.9,165.0,161.91,69191490.0,0.015644247351564333,160.792,159.76500000000001,0.011012718925535122
AAPL,2023-04-03 04:00:00+00:00,164.27,166.17,166.29,164.22,62027954.0,0.00770163735597329,162.37,160.642,0.01055430979058426
AAPL,2023-04-04 04:00:00+00:00,166.595,165.63,166.84,165.11,52036268.0,-0.00324968405849424,163.966,161.277,0.010614912537368118
AAPL,2023-04-05 04:00:00+00:00,164.74,163.76,165.05,161.8,56567368.0,-0.011290225200748738,164.564,161.87,0.010931895598671002
AAPL,2023-04-06 04:00:00+00:00,162.43,164.66,164.9584,162.0,50780869.0,0.005495847581827196,165.024,162.443,0.010893520112819065
AAPL,2023-04-10 04:00:00+00:00,161.42,162.03,162.03,160.08,51829429.0,-0.015972306571116257,164.45,162.621,0.012338199177828555
AAPL,2023-04-11 04:00:00+00:00,162.35,160.8,162.36,160.51,51774289.0,-0.007591186817256013,163.376,162.873,0.011847799984879235
AAPL,2023-04-12 04:00:00+00:00,161.22,160.1,162.06,159.78,50706904.0,-0.0043532338308458485,162.27,163.118,0.011868040490311925
AAPL,2023-04-13 04:00:00+00:00,161.63,165.56,165.8,161.42,76953623.0,0.034103685196752,162.63,163.597,0.014804534256296537
AAPL,2023-04-14 04:00:00+00:00,164.59,165.21,166.32,163.82,54918972.0,-0.0021140372070548308,162.74,163.882,0.014673295399718529
AAPL,2023-04-17 04:00:00+00:00,165.09,165.23,165.39,164.03,45769525.0,0.00012105804733364423,163.38000000000002,163.915,0.013848275245634582
AAPL,2023-04-18 04:00:00+00:00,166.1,166.47,167.41,165.65,55909701.0,0.007504690431519689,164.51399999999998,163.945,0.01383669095070626
AAPL,2023-04-19 04:00:00+00:00,165.8,167.63,168.16,165.54,48158687.0,0.006968222502552912,166.01999999999998,164.145,0.013925262250389137
AAPL,2023-04-20 04:00:00+00:00,166.09,166.65,167.87,165.56,53020864.0,-0.005846208912485773,166.238,164.434,0.01347815502370403
AAPL,2023-04-21 04:00:00+00:00,165.05,165.02,166.4521,164.49,65307211.0,-0.009780978097809756,166.2,164.46999999999997,0.01387657781086817
AAPL,2023-04-24 04:00:00+00:00,165.0,165.33,165.6,163.89,45338131.0,0.0018785601745243685,166.22,164.8,0.012643538093001375
AAPL,2023-04-25 04:00:00+00:00,165.19,163.77,166.305,163.73,48714063.0,-0.009435674106332836,165.68,165.097,0.012812769643805542
AAPL,2023-04-26 04:00:00+00:00,163.055,163.76,165.28,162.8,50920364.0,-6.106124442828431e-05,164.906,165.46300000000002,0.012650711822531439
AAPL,2023-04-27 04:00:00+00:00,165.19,168.41,168.56,165.19,76052617.0,0.028395212506106438,165.25799999999998,165.748,0.011090425450574861
AAPL,2023-04-28 04:00:00+00:00,168.49,169.68,169.85,167.8801,63093372.0,0.007541119885992487,166.19,166.195,0.01113558506698789
AAPL,2023-05-01 04:00:00+00:00,169.28,169.59,170.45,168.64,56437122.0,-0.0005304101838755626,167.042,166.63100000000003,0.011154424066802497
AAPL,2023-05-02 04:00:00+00:00,170.09,168.54,170.35,167.54,48897270.0,-0.0061914027949762085,167.996,166.83800000000002,0.011333334731362039
AAPL,2023-05-03 04:00:00+00:00,169.5,167.45,170.92,167.16,70732642.0,-0.006467307464103511,168.73399999999998,166.82,0.011382164362858155
AAPL,2023-05-04 04:00:00+00:00,164.89,165.79,167.04,164.31,81791781.0,-0.009913406987160367,168.20999999999998,166.734,0.011681043734461263
AAPL,2023-05-05 04:00:00+00:00,170.975,173.57,174.3,170.76,114073502.0,0.04692683515290419,168.988,167.589,0.01845318986272739
AAPL,2023-05-08 04:00:00+00:00,172.48,173.5,173.85,172.11,61353610.0,-0.0004032955003744343,169.76999999999998,168.406,0.01851303214642979
AAPL,2023-05-09 04:00:00+00:00,173.05,171.77,173.54,171.6,50729673.0,-0.009971181556195918,170.416,169.206,0.018560098233093104
AAPL,2023-05-10 04:00:00+00:00,173.02,173.555,174.03,171.9,53724501.0,0.010391802992373522,171.637,170.1855,0.01854195573747585
AAPL,2023-05-11 04:00:00+00:00,173.85,173.75,174.59,172.17,50011672.0,0.0011235631356054654,173.22899999999998,170.71949999999998,0.016802400172765807
AAPL,2023-05-12 04:00:00+00:00,173.62,172.57,174.06,171.0,50612841.0,-0.0067913669064748605,173.029,171.0085,0.017005807153727046
AAPL,2023-05-15 04:00:00+00:00,173.16,172.07,173.21,171.47,41718475.0,-0.0028973749782696956,172.743,171.2565,0.017058506676273635
AAPL,2023-05-16 04:00:00+00:00,171.99,172.07,173.1383,171.7991,45676613.0,0.0,172.803,171.6095,0.016856234260652372
AAPL,2023-05-17 04:00:00+00:00,171.71,172.69,172.925,170.4201,65903562.0,0.003603184750392341,172.63,172.13349999999997,0.016579446503010197
AAPL,2023-05-18 04:00:00+00:00,173.0,175.05,175.24,172.58,66091664.0,0.013666106896751407,172.89,173.0595,0.016178026093092476
AAPL,2023-05-19 04:00:00+00:00,176.39,175.16,176.39,174.94,58044146.0,0.0006283918880318762,173.408,173.2185,0.007108327507879124
AAPL,2023-05-22 04:00:00+00:00,173.98,174.2,174.71,173.45,44146775.0,-0.005480703356930849,173.834,173.2885,0.00739028578156049
AAPL,2023-05-23 04:00:00+00:00,173.13,171.56,173.3794,171.275,56405720.0,-0.015154994259471755,173.73200000000003,173.26749999999998,0.008323584973812642
AAPL,2023-05-24 04:00:00+00:00,171.09,171.84,172.4183,170.52,45740665.0,0.0016320820704127659,173.56199999999998,173.096,0.007519919832679415
AAPL,2023-05-25 04:00:00+00:00,172.41,172.99,173.895,171.69,64475787.0,0.006692271880819334,173.15,173.02,0.007889070678409854
AAPL,2023-05-26 04:00:00+00:00,173.32,175.43,175.77,173.11,62620662.0,0.014104861552690862,173.204,173.30599999999998,0.008733340267473284
AAPL,2023-05-30 04:00:00+00:00,176.96,177.3,178.99,176.57,63293297.0,0.010659522316593506,173.824,173.829,0.008992332176886218
AAPL,2023-05-31 04:00:00+00:00,177.325,177.25,179.35,176.76,99625288.0,-0.0002820078962211259,174.962,174.347,0.009003343491129948
AAPL,2023-06-01 04:00:00+00:00,177.7,180.09,180.12,176.9306,76857581.0,0.01602256699576876,176.61200000000002,175.08700000000002,0.009906060873636206
AAPL,2023-06-02 04:00:00+00:00,181.03,180.95,181.78,179.26,76294033.0,0.004775390082736308,178.204,175.677,0.009350327956731581
AAPL,2023-06-05 04:00:00+00:00,182.63,179.58,184.951,178.035,121969015.0,-0.0075711522520032215,179.034,176.119,0.009956341116669825
AAPL,2023-06-06 04:00:00+00:00,179.965,179.21,180.12,177.43,64841762.0,-0.0020603630693841746,179.416,176.62,0.009705793348377584
AAPL,2023-06-07 04:00:00+00:00,178.44,177.82,181.21,177.32,69732161.0,-0.007756263601361613,179.53000000000003,177.246,0.008367861047857382
AAPL,2023-06-08 04:00:00+00:00,177.895,180.57,180.84,177.46,50221611.0,0.01546507704420197,179.626,178.119,0.009112640587318406
AAPL,2023-06-09 04:00:00+00:00,181.5,180.96,182.23,180.63,48890039.0,0.002159827213823018,179.62800000000001,178.916,0.009132090515804533
AAPL,2023-06-12 04:00:00+00:00,181.27,183.79,183.89,180.97,54796150.0,0.015638815207780654,180.47,179.752,0.009321310593759412
AAPL,2023-06-13 04:00:00+00:00,182.8,183.31,184.15,182.44,54967369.0,-0.0026116763697697776,181.29000000000002,180.353,0.009324103616074483
AAPL,2023-06-14 04:00:00+00:00,183.37,183.95,184.39,182.02,57451443.0,0.003491353444983858,182.51600000000002,181.023,0.009235459314800786
AAPL,2023-06-15 04:00:00+00:00,183.96,186.01,186.52,183.78,65417713.0,0.011198695297635286,183.60399999999998,181.615,0.008629634043007747
AAPL,2023-06-16 04:00:00+00:00,186.73,184.92,186.99,184.27,101239104.0,-0.005859900005376062,184.396,182.012,0.009068114888802464
AAPL,2023-06-20 04:00:00+00:00,184.41,185.01,186.1,184.41,49801726.0,0.0004866969500325613,184.64,182.555,0.008438610426436455
AAPL,2023-06-21 04:00:00+00:00,184.9,183.96,185.41,182.5901,49505417.0,-0.00567536889897835,184.76999999999998,183.03,0.008751820911939427
AAPL,2023-06-22 04:00:00+00:00,183.74,187.0,187.045,183.67,51248267.0,0.016525331593824744,185.38,183.948,0.00890969081176285
AAPL,2023-06-23 04:00:00+00:00,185.55,186.68,187.56,185.01,53194896.0,-0.0017112299465240621,185.51399999999998,184.559,0.008321835399816182
AAPL,2023-06-26 04:00:00+00:00,186.83,185.27,188.05,185.23,48099269.0,-0.007553031926290976,185.584,184.99,0.009015905903564872
AAPL,2023-06-27 04:00:00+00:00,185.89,188.06,188.39,185.67,50745529.0,0.015059102930857549,186.19400000000002,185.417,0.008922654893769765
AAPL,2023-06-28 04:00:00+00:00,187.93,189.25,189.9,187.6,51225939.0,0.006327767733701917,187.252,186.011,0.00881920380827547
AAPL,2023-06-29 04:00:00+00:00,189.08,189.59,190.07,188.94,46347309.0,0.001796565389696081,187.77,186.575,0.008829878655773865
AAPL,2023-06-30 04:00:00+00:00,191.63,193.97,194.48,191.26,83782058.0,0.02310248430824413,189.228,187.371,0.01066149039647219
AAPL,2023-07-03 04:00:00+00:00,193.78,192.46,193.88,191.76,31357392.0,-0.007784708975614785,190.666,188.125,0.010879437492396388
AAPL,2023-07-05 04:00:00+00:00,191.565,191.33,192.98,190.62,46921907.0,-0.005871349890886446,191.32,188.757,0.011289358915580137
AAPL,2023-07-06 04:00:00+00:00,189.84,191.81,192.02,189.2,45172292.0,0.0025087545079180984,191.83200000000002,189.542,0.010844495762476074
AAPL,2023-07-07 04:00:00+00:00,191.41,190.68,192.67,190.24,46814999.0,-0.005891246546061213,192.05,189.91000000000003,0.01032735780312333
AAPL,2023-07-10 04:00:00+00:00,189.26,188.61,189.99,187.035,59925144.0,-0.010855884203901822,190.978,190.103,0.011070461389984175
AAPL,2023-07-11 04:00:00+00:00,189.16,188.08,189.3,186.6,46646096.0,-0.002810031281480274,190.10200000000003,190.38400000000001,0.010756460897068441
AAPL,2023-07-12 04:00:00+00:00,189.68,189.77,191.7,188.47,60757160.0,0.008985538068906784,189.79000000000002,190.555,0.010058244533344017
AAPL,2023-07-13 04:00:00+00:00,190.5,190.54,191.19,189.78,41348909.0,0.004057543341940084,189.536,190.68400000000003,0.009948417952332513
AAPL,2023-07-14 04:00:00+00:00,190.23,190.69,191.1799,189.63,41622330.0,0.000787236275847647,189.538,190.794,0.009941442071565096
AAPL,2023-07-17 04:00:00+00:00,191.9,193.99,194.32,191.81,50546738.0,0.017305574492632037,190.614,190.796,0.008557707150656037
AAPL,2023-07-18 04:00:00+00:00,193.35,193.73,194.33,192.415,48357948.0,-0.0013402752719213762,191.744,190.923,0.008134936163796796
AAPL,2023-07-19 04:00:00+00:00,193.1,195.1,198.23,192.65,80534721.0,0.007071697723636028,192.81,191.3,0.008004024495616156
AAPL,2023-07-20 04:00:00+00:00,195.09,193.13,196.47,192.495,59597695.0,-0.010097385955920024,193.32800000000003,191.432,0.008858890918341378
AAPL,2023-07-21 04:00:00+00:00,194.1,191.94,194.97,191.23,71957084.0,-0.00616165277274372,193.578,191.558,0.008881700770577504
AAPL,2023-07-24 04:00:00+00:00,193.41,192.75,194.91,192.25,45538581.0,0.004220068771491059,193.32999999999998,191.972,0.007932067547071098
AAPL,2023-07-25 04:00:00+00:00,193.33,193.62,194.44,192.915,37339808.0,0.004513618677042919,193.308,192.52599999999998,0.007754004478235451
AAPL,2023-07-26 04:00:00+00:00,193.67,194.5,195.64,193.32,47506279.0,0.004544985022208348,193.18800000000002,192.99899999999997,0.007491664414649497
AAPL,2023-07-27 04:00:00+00:00,196.02,193.22,197.2,192.55,47465977.0,-0.006580976863753252,193.206,193.267,0.007983566036571594
AAPL,2023-07-28 04:00:00+00:00,194.67,195.83,196.626,194.14,48291445.0,0.013507918434944699,193.984,193.781,0.008838122888008433
AAPL,2023-07-31 04:00:00+00:00,196.06,196.45,196.49,195.26,45241255.0,0.0031660113363629616,194.724,194.027,0.00722547134266025
AAPL,2023-08-01 04:00:00+00:00,196.235,195.605,196.73,195.28,35306213.0,-0.0043013489437515595,195.121,194.2145,0.007403466198364853
AAPL,2023-08-02 04:00:00+00:00,195.04,192.58,195.18,191.8507,50408072.0,-0.015464839855831802,194.737,193.9625,0.008668013006697551
AAPL,2023-08-03 04:00:00+00:00,191.57,191.17,192.37,190.69,62366562.0,-0.007321632568283443,194.327,193.7665,0.008393868931815304
AAPL,2023-08-04 04:00:00+00:00,185.52,181.99,187.38,181.92,115956843.0,-0.048020086833708064,191.55900000000003,192.7715,0.017140494576701953
AAPL,2023-08-07 04:00:00+00:00,182.13,178.85,183.13,177.35,97586944.0,-0.01725369525798126,188.039,191.38150000000002,0.017177967829116788
AAPL,2023-08-08 04:00:00+00:00,179.69,179.8,180.27,177.58,67832886.0,0.005311713726586564,184.878,189.9995,0.017240800372688932
AAPL,2023-08-09 04:00:00+00:00,180.87,178.19,180.93,177.01,60386755.0,-0.008954393770856606,182.0,188.36849999999998,0.016736535086392612
AAPL,2023-08-10 04:00:00+00:00,179.48,177.97,180.75,177.6,54695861.0,-0.0012346371850272542,179.35999999999999,186.8435,0.01689254743340198
AAPL,2023-08-11 04:00:00+00:00,177.32,177.79,178.62,176.55,52036674.0,-0.0010114064168118553,178.51999999999998,185.0395,0.015390298449294662
AAPL,2023-08-14 04:00:00+00:00,177.97,179.46,179.69,177.305,43690884.0,0.00939310422408468,178.642,183.34050000000002,0.016071024516594194
AAPL,2023-08-15 04:00:00+00:00,178.88,177.45,179.48,177.05,43635379.0,-0.011200267469073988,178.172,181.525,0.016000283309534923
AAPL,2023-08-16 04:00:00+00:00,177.13,176.57,178.54,176.5,46979752.0,-0.004959143420681822,177.848,179.924,0.015915308669797894
AAPL,2023-08-17 04:00:00+00:00,177.14,174.0,177.5054,173.48,66700735.0,-0.014555133941213105,177.054,178.20700000000002,0.016018582524041588
AAPL,2023-08-18 04:00:00+00:00,172.3,174.49,175.1,171.96,61173170.0,0.0028160919540229923,176.394,177.45700000000002,0.008776426050589876
AAPL,2023-08-21 04:00:00+00:00,175.07,175.84,176.13,173.735,46323343.0,0.007736833056335657,175.67000000000002,177.156,0.008172492928576712
AAPL,2023-08-22 04:00:00+00:00,177.06,177.23,177.68,176.25,42091932.0,0.00790491355777978,175.626,176.899,0.008454760415249762
AAPL,2023-08-23 04:00:00+00:00,178.52,181.12,181.55,178.325,52756878.0,0.021948879986458447,176.536,177.19199999999998,0.0107307588376747
AAPL,2023-08-24 04:00:00+00:00,180.674,176.38,181.104,176.01,54953439.0,-0.026170494699646718,177.012,177.033,0.013910481985412794
AAPL,2023-08-25 04:00:00+00:00,177.38,178.61,179.15,175.82,51449596.0,0.012643156820501211,177.836,177.11499999999998,0.014544210432483863
AAPL,2023-08-28 04:00:00+00:00,180.09,180.19,180.59,178.545,43823300.0,0.008846089244723077,178.706,177.188,0.014508264061316743
AAPL,2023-08-29 04:00:00+00:00,179.695,184.12,184.9,179.5,53016040.0,0.02181031133803213,180.084,177.85500000000002,0.015284700720765739
AAPL,2023-08-30 04:00:00+00:00,184.94,187.65,187.85,184.74,60824230.0,0.01917227894851181,181.39000000000001,178.963,0.015648381929985387
AAPL,2023-08-31 04:00:00+00:00,187.84,187.87,189.12,187.48,60814675.0,0.0011723954169997608,183.68800000000002,180.35,0.014036188892874682
AAPL,2023-09-01 04:00:00+00:00,189.485,189.46,189.92,188.28,45766507.0,0.00846329908979615,185.858,181.847,0.013927103621386053
AAPL,2023-09-05 04:00:00+00:00,188.28,189.7,189.98,187.61,45285046.0,0.0012667581547554096,187.76000000000002,183.233,0.014108011466959768
AAPL,2023-09-06 04:00:00+00:00,188.4,182.91,188.85,181.47,81765466.0,-0.035793357933579295,187.518,183.801,0.019699135591796254
AAPL,2023-09-07 04:00:00+00:00,175.18,177.56,178.21,173.54,112503695.0,-0.02924935760756653,185.5,183.445,0.020938366600731062
AAPL,2023-09-08 04:00:00+00:00,178.35,178.18,180.239,177.79,65602067.0,0.00349177742734863,183.56199999999998,183.625,0.019122058316521584
AAPL,2023-09-11 04:00:00+00:00,180.07,179.36,180.3,177.34,58964184.0,0.0066225165562914245,181.542,183.7,0.018813406440539044
AAPL,2023-09-12 04:00:00+00:00,179.49,176.3,180.13,174.82,90383654.0,-0.017060660124888494,178.862,183.311,0.019325461310498865
AAPL,2023-09-13 04:00:00+00:00,176.51,174.21,177.3,173.98,84277767.0,-0.011854792966534355,177.122,182.32,0.017567054683948136
AAPL,2023-09-14 04:00:00+00:00,174.0,175.74,176.1,173.58,60898149.0,0.008782503874634084,176.75799999999998,181.12900000000002,0.016208516909402428
AAPL,2023-09-15 04:00:00+00:00,176.48,175.01,176.495,173.82,109259462.0,-0.004153863662228363,176.124,179.84300000000002,0.01601784403696162
AAPL,2023-09-18 04:00:00+00:00,176.48,177.97,179.38,176.17,67272034.0,0.016913319238900604,175.846,178.69400000000002,0.017107064265127064
AAPL,2023-09-19 04:00:00+00:00,177.52,179.07,179.63,177.13,51831661.0,0.006180816991627758,176.4,177.63100000000003,0.0174101947322765
AAPL,2023-09-20 04:00:00+00:00,179.26,175.49,179.695,175.4,58452947.0,-0.019992181828335176,176.656,176.889,0.014903187363042763
AAPL,2023-09-21 04:00:00+00:00,174.55,173.93,176.3,173.86,63160835.0,-0.008889395407145728,176.294,176.526,0.01222552423029455
AAPL,2023-09-22 04:00:00+00:00,174.67,174.79,177.079,174.05,56725387.0,0.004944517909503787,176.25,176.187,0.012306344411490297
AAPL,2023-09-25 04:00:00+00:00,174.2,176.08,176.97,174.15,46178509.0,0.007380284913324653,175.872,175.859,0.012366501843436748
AAPL,2023-09-26 04:00:00+00:00,174.82,171.96,175.2,171.66,64597559.0,-0.023398455247614747,174.45,175.425,0.01335947293161985
AAPL,2023-09-27 04:00:00+00:00,172.62,170.43,173.04,169.05,66940950.0,-0.008897418004186974,173.438,175.047,0.013158351724903383
AAPL,2023-09-28 04:00:00+00:00,169.34,170.69,172.03,167.62,56302471.0,0.0015255530129671957,172.79000000000002,174.54199999999997,0.012682187410867839
AAPL,2023-09-29 04:00:00+00:00,172.02,171.21,173.07,170.341,51886171.0,0.0030464584920031346,172.074,174.16199999999998,0.012803044831483456
AAPL,2023-10-02 04:00:00+00:00,171.22,173.75,174.3,170.93,52172333.0,0.014835582033759565,171.608,173.74,0.012472458744489962
AAPL,2023-10-03 04:00:00+00:00,172.255,172.4,173.63,170.82,49637004.0,-0.007769784172661831,171.696,173.073,0.012192234074690667
AAPL,2023-10-04 04:00:00+00:00,171.09,173.66,174.21,170.97,53025614.0,0.007308584686774866,172.342,172.89000000000001,0.011156705798557438
AAPL,2023-10-05 04:00:00+00:00,173.79,174.91,175.45,172.68,48532230.0,0.007197973050788953,173.18599999999998,172.988,0.011050671908000522
AAPL,2023-10-06 04:00:00+00:00,173.8,177.49,177.99,173.18,57266677.0,0.014750443085015164,174.442,173.25799999999998,0.011881174962944791
AAPL,2023-10-09 04:00:00+00:00,176.81,178.99,179.05,175.8,42400769.0,0.008451180348188592,175.49,173.549,0.011943745985647656
AAPL,2023-10-10 04:00:00+00:00,178.1,178.39,179.72,177.95,43700093.0,-0.003352142577797812,176.688,174.192,0.008426696359508285
AAPL,2023-10-11 04:00:00+00:00,178.2,179.8,179.85,177.6,47555502.0,0.007904030494983116,177.916,175.129,0.007222718294825158
AAPL,2023-10-12 04:00:00+00:00,180.07,180.71,182.34,179.04,56753369.0,0.0050611790878754,179.07600000000002,176.13100000000003,0.007098000843733563
AAPL,2023-10-13 04:00:00+00:00,181.42,178.85,181.93,178.14,51456083.0,-0.010292734215040733,179.348,176.895,0.00872750392481939
AAPL,2023-10-16 04:00:00+00:00,176.75,178.72,179.075,176.51,52519230.0,-0.0007268660889012679,179.294,177.392,0.008020680711897758
AAPL,2023-10-17 04:00:00+00:00,176.645,177.15,178.42,174.8,57553146.0,-0.008784691136973999,179.046,177.86700000000002,0.008174972360416548
AAPL,2023-10-18 04:00:00+00:00,175.58,175.84,177.575,175.11,54780899.0,-0.007394863110358418,178.254,178.085,0.008576711606337759
AAPL,2023-10-19 04:00:00+00:00,176.04,175.46,177.84,175.19,59312291.0,-0.002161055505004561,177.204,178.14000000000001,0.008367426528039998
AAPL,2023-10-20 04:00:00+00:00,175.31,172.88,175.42,172.64,64244029.0,-0.014704206086857519,176.01000000000002,177.679,0.007904675209579897
AAPL,2023-10-23 04:00:00+00:00,170.91,173.0,174.01,169.93,55986017.0,0.0006941230911614582,174.866,177.07999999999998,0.007032150104110032
AAPL,2023-10-24 04:00:00+00:00,173.05,173.44,173.67,171.45,43825971.0,0.0025433526011560126,174.124,176.58499999999998,0.007277205085553989
AAPL,2023-10-25 04:00:00+00:00,171.88,171.1,173.06,170.65,57219947.0,-0.013491697416974202,173.176,175.715,0.006921540499619179
AAPL,2023-10-26 04:00:00+00:00,170.37,166.89,171.3775,165.67,70660031.0,-0.02460549386323796,171.462,174.333,0.008371327838925514
AAPL,2023-10-27 04:00:00+00:00,166.91,168.22,168.96,166.83,58499131.0,0.007969321109713157,170.53,173.27,0.009679273245025438
AAPL,2023-10-30 04:00:00+00:00,169.02,170.29,171.17,168.87,51135875.0,0.0123053144691474,169.988,172.427,0.011230986195843243
AAPL,2023-10-31 04:00:00+00:00,169.35,170.77,170.9,167.9,44852482.0,0.0028187210053438605,169.454,171.789,0.011367887486468265
AAPL,2023-11-01 04:00:00+00:00,171.0,173.97,174.23,170.12,56951142.0,0.018738654330385796,170.028,171.602,0.013247711053891602
AAPL,2023-11-02 04:00:00+00:00,175.52,177.57,177.78,175.46,77518015.0,0.0206932229694774,172.164,171.813,0.014892367419472335
AAPL,2023-11-03 04:00:00+00:00,174.24,176.65,176.82,173.35,80129247.0,-0.005181055358450148,173.85,172.19,0.014035342604576449
AAPL,2023-11-06 05:00:00+00:00,176.38,179.23,179.43,176.21,63852730.0,0.014605151429380125,175.638,172.81300000000002,0.014544331268756911
AAPL,2023-11-07 05:00:00+00:00,179.18,181.82,182.44,178.97,70539955.0,0.01445070579702068,177.848,173.651,0.014927004254747554
AAPL,2023-11-08 05:00:00+00:00,182.35,182.89,183.45,181.59,49345307.0,0.005884941150588352,179.632,174.82999999999998,0.013471001667388667
AAPL,2023-11-09 05:00:00+00:00,182.96,182.41,184.12,181.81,53780415.0,-0.002624528405052118,180.59999999999997,176.382,0.00874846294035914
AAPL,2023-11-10 05:00:00+00:00,183.97,186.4,186.565,183.53,66204156.0,0.021873800778466235,182.55,178.2,0.009632720186858859
AAPL,2023-11-13 05:00:00+00:00,185.82,184.8,186.03,184.21,43631574.0,-0.008583690987124415,183.664,179.651,0.011286182730205796
AAPL,2023-11-14 05:00:00+00:00,187.7,187.44,188.11,186.3,60113030.0,0.014285714285714235,184.788,181.318,0.011253541104921239
AAPL,2023-11-15 05:00:00+00:00,187.845,188.01,189.5,187.78,53818016.0,0.0030409731113956173,185.81199999999998,182.722,0.010897570653006018
AAPL,2023-11-16 05:00:00+00:00,189.57,189.71,190.96,188.65,54426521.0,0.009042072230200704,187.272,183.936,0.009953131993118718
AAPL,2023-11-17 05:00:00+00:00,190.25,189.69,190.38,188.57,50941406.0,-0.00010542406831481888,187.93,185.23999999999998,0.009394860746278103
AAPL,2023-11-20 05:00:00+00:00,189.89,191.45,191.905,189.88,46543084.0,0.009278296167430922,189.26,186.462,0.009073020953615589
AAPL,2023-11-21 05:00:00+00:00,191.41,190.64,191.52,189.74,38142232.0,-0.004230869678767291,189.89999999999998,187.344,0.00921158515446711
AAPL,2023-11-22 05:00:00+00:00,191.49,191.31,192.93,190.825,39630374.0,0.0035144775493076708,190.56,188.186,0.009210667164011675
AAPL,2023-11-24 05:00:00+00:00,190.87,189.97,190.9,189.25,24048346.0,-0.0070043385081804965,190.612,188.942,0.009681770228737147
AAPL,2023-11-27 05:00:00+00:00,189.92,189.79,190.67,188.9,40570385.0,-0.0009475180291624863,190.632,189.281,0.0074656616937223835
AAPL,2023-11-28 05:00:00+00:00,189.78,190.4,191.08,189.4,38422811.0,0.0032140787185837016,190.422,189.84099999999998,0.006508125175996968
AAPL,2023-11-29 05:00:00+00:00,190.9,189.37,192.09,188.97,43017537.0,-0.005409663865546199,190.168,190.034,0.005638262790550048
AAPL,2023-11-30 05:00:00+00:00,189.84,189.95,190.32,188.19,48804815.0,0.003062787136294043,189.89600000000002,190.228,0.005639127464189266
AAPL,2023-12-01 05:00:00+00:00,190.33,191.24,191.56,189.23,45704824.0,0.006791260858120651,190.15,190.381,0.005320205817995095
AAPL,2023-12-04 05:00:00+00:00,189.98,189.43,190.05,187.4511,43396215.0,-0.009464547165864867,190.078,190.35500000000002,0.006243471218332356
AAPL,2023-12-05 05:00:00+00:00,190.21,193.42,194.4,190.18,66654222.0,0.02106318956870612,190.682,190.552,0.008802337017686228
AAPL,2023-12-06 05:00:00+00:00,194.45,192.32,194.76,192.11,41092772.0,-0.005687105780167512,191.272,190.71999999999997,0.00891094869223031
AAPL,2023-12-07 05:00:00+00:00,193.63,194.27,195.0,193.59,47485364.0,0.010139351081530856,192.13600000000002,191.016,0.009360736920159174
AAPL,2023-12-08 05:00:00+00:00,194.2,195.71,195.99,193.67,53406358.0,0.007412364235342528,193.03000000000003,191.58999999999997,0.00899552106809663
AAPL,2023-12-11 05:00:00+00:00,193.11,193.18,193.49,191.42,60952756.0,-0.012927290378621392,193.78,191.929,0.010287188076759414
AAPL,2023-12-12 05:00:00+00:00,193.08,194.71,194.72,191.721,52704312.0,0.007920074541878153,194.038,192.35999999999999,0.01046419402192141
AAPL,2023-12-13 05:00:00+00:00,195.09,197.96,198.0,194.85,70422443.0,0.016691489908068347,195.166,193.219,0.010978586932712248
AAPL,2023-12-14 05:00:00+00:00,198.02,198.11,199.62,196.16,66836850.0,0.0007577288341078514,195.93400000000003,194.035,0.01103616654596599
AAPL,2023-12-15 05:00:00+00:00,197.53,197.57,198.3999,197.0,128538401.0,-0.0027257584170411464,196.30599999999998,194.668,0.011203633488863584
AAPL,2023-12-18 05:00:00+00:00,196.09,195.89,196.63,194.39,55755354.0,-0.008503315280660062,196.848,195.314,0.01108527708884611
AAPL,2023-12-19 05:00:00+00:00,196.16,196.94,196.95,195.89,40717190.0,0.005360151105212152,197.294,195.666,0.009271148020534378
AAPL,2023-12-20 05:00:00+00:00,196.9,194.83,197.68,194.83,52247140.0,-0.010713923022240168,196.66799999999998,195.917,0.009843454312548808
AAPL,2023-12-21 05:00:00+00:00,196.1,194.68,197.08,193.5,46485784.0,-0.0007699019658163886,195.982,195.95800000000003,0.009352290178695995
AAPL,2023-12-22 05:00:00+00:00,195.18,193.6,195.41,192.97,37149570.0,-0.005547565235257901,195.18800000000002,195.747,0.009145177880446892
AAPL,2023-12-26 05:00:00+00:00,193.61,193.05,193.89,192.83,28921648.0,-0.0028409090909089496,194.62,195.734,0.008196125274535036
AAPL,2023-12-27 05:00:00+00:00,192.49,193.15,193.5,191.09,48092035.0,0.0005180005180005498,193.862,195.578,0.00771793935369475
AAPL,2023-12-28 05:00:00+00:00,194.14,193.58,194.66,193.17,34056639.0,0.0022262490292519477,193.61200000000002,195.14000000000001,0.004933274286265233
AAPL,2023-12-29 05:00:00+00:00,193.9,192.53,194.4,191.725,42672148.0,-0.00542411406137,193.18200000000002,194.58200000000002,0.0049053734362364525
